{"cameraMode":{"drawMode":0,"name":"Shaded","section":"Shading Mode"},"sceneLighting":true,"audioPlay":false,"sceneViewState":{"m_AlwaysRefresh":false,"showFog":true,"showSkybox":true,"showFlares":true,"showImageEffects":true,"showParticleSystems":true,"showVisualEffectGraphs":true,"m_FxEnabled":true},"in2DMode":false,"pivot":{"x":-0.03954249992966652,"y":-0.10584796965122223,"z":2.0818302631378176},"rotation":{"x":0.04498012363910675,"y":0.014077289029955864,"z":0.0006325754802674055,"w":-0.9988819360733032},"size":0.7999998927116394,"orthographic":false}