{"cameraMode":{"drawMode":0,"name":"Shaded","section":"Shading Mode"},"sceneLighting":true,"audioPlay":false,"sceneViewState":{"m_AlwaysRefresh":false,"showFog":true,"showSkybox":true,"showFlares":true,"showImageEffects":true,"showParticleSystems":true,"showVisualEffectGraphs":true,"m_FxEnabled":true},"in2DMode":false,"pivot":{"x":-0.03206047788262367,"y":-0.003449099836871028,"z":0.9982109069824219},"rotation":{"x":0.002999658463522792,"y":0.014999371953308583,"z":-0.00004499826900428161,"w":0.9998830556869507},"size":0.4832268953323364,"orthographic":true}